cp,im,imL,imS,imU,om,omL,pp
0.956807511737089,0.3064935064935065,0.1,0.03333333333333333,0.7723809523809525,0.47833333333333344,0.5666666666666667,0.7653846153846153
