Mine,Rock
0.4982817869415808,0.5327327327327327
