malignant,benign
0.7577044025157231,0.9090569561157799
